County,equitable_share_2020_21,equitable_share_2021_22_plus,conditional_grant_2020_21,conditional_grant_2021_22_plus,annual_own_source_revenue_2020_21,annual_own_source_revenue_2021_22_plus,total_revenue_2020_21,total_revenue_2021_22_plus,number,county,number_of_schools,total_enrolment,average_school_size,place,population,land_area_km_sq,pop_density_per_km_sq,number_ptr,county_ptr,Enrolment,public_teachers,public_PTR,public_enrolment,private_teachers,private_PTR,overall_pri_ptr_no,overall_pri_ptr_county,overall_pri_ptr_enrolment,overall_pri_ptr_teachers,overall_pri_ptr_PTR,txtbk_no,txtbk_county,txtbk_grade_1,txtbk_grade_2,txtbk_grade_3,pupil_textbook_ratio,s_number_elec,county_elec,national_grid,solar,no_power,elec_table_total,complete_dig_SN,complete_dig_county,number_of_pri_schools_by_2016,number_of_schools_w_complete_digital_devices,pct_installed,detailed_digi_SN,detailed_digi_county,installed_learner_digi_devices,installed_learner_digi_devices,Installed_digi_content_server_and_wireless_routers,installed_projectors,installed_special_needs_edu_devices,nasmla_number,nasmla_county,mathematics_mean,mathematics_SE,english_mean,english_SE,kiswahili_mean,kiswahili_SE
Baringo,"5,095.65","6,369.39",752.87,681.62,205.2,258.55,"6,053.72","7,309.56",1,Baringo,841,"161,919",193,Baringo,"666,763","10,976.40",61,1,Baringo,"143,618","5,595",26,"18,301",883,21,1,Baringo,"161,919","6,478",25,1,Baringo,1.01,1.01,1.39,1.13,30,Baringo,566,183,51,800,1,Baringo,635,633,99.69,1,Baringo,"19,283","1,266",633,633,29,1,Baringo,500.5,56.9,499.3,65.1,493.6,61.7
Bomet,"5,507.10","6,691.10",832.35,806.48,183.01,300,"6,522.46","7,797.58",2,Bomet,968,"231,197",239,Bomet,"875,689","2,530.90",346,2,Bomet,"198,857","4,938",40,"32,340","2,792",12,2,Bomet,"231,197","7,730",30,2,Bomet,0.99,0.91,1,0.96,36,Bomet,666,1,24,691,2,Bomet,632,630,99.68,2,Bomet,"27,609","1,260",630,630,,2,Bomet,485.2,27.8,462.2,21.5,447.3,24.2
Bungoma,"8,893.65","10,659.44",876.59,696.07,395.12,500,"10,165.36","11,855.51",3,Bungoma,"1,115","500,157",449,Bungoma,"1,670,570","3,023.90",552,3,Bungoma,"449,148","8,996",50,"51,009","2,277",22,3,Bungoma,"500,157","11,273",44,3,Bungoma,0.89,0.89,0.9,0.89,39,Bungoma,749,15,23,787,3,Bungoma,741,741,100,3,Bungoma,"58,871","1,482",741,741,24,3,Bungoma,433.9,10.3,434.2,12.6,462.6,15.6
Busia,"6,013.50","7,172.16",845.88,600.43,322.56,499.8,"7,181.93","8,272.39",4,Busia,568,"250,860",442,Busia,"893,681","1,696.30",527,4,Busia,"231,765","4,949",47,"19,095",962,20,4,Busia,"250,860","5,911",42,4,Busia,0.82,0.89,0.84,0.85,40,Busia,440,4,1,445,4,Busia,432,431,99.77,4,Busia,"31,567",864,432,432,17,4,Busia,465.9,15.6,475.3,22.7,493.1,22.8
Elgeyo Marakwet,"3,861.30","4,606.53",735.21,855.35,69.08,166.1,"4,665.58","5,627.98",5,Elgeyo Marakwet,467,"123,818",265,Elgeyo/Marakwet,"454,480","3,032.00",150,5,Elgeyo Marakwet,"109,641","3,820",29,"14,177",784,18,5,Elgeyo Marakwet,"123,818","4,604",27,5,Elgeyo/Marakwet,0.99,1,1,1,28,Elgeyo/Marakwet,371,19,9,399,5,Elgeyo/Marakwet,369,369,100,5,Elgeyo/Marakwet,"13,964",738,369,369,,5,Elgeyo Marakwet,488.2,14.9,461,17.1,495,11.9
Embu,"4,304.40","5,125.24",998.06,607.12,375.33,900,"5,677.78","6,632.36",6,Embu,519,"124,774",240,Embu,"608,599","2,820.70",216,6,Embu,"101,425","3,694",27,"23,349","1,120",21,6,Embu,"124,774","4,814",26,6,Embu,0.5,0.5,0.5,0.5,14,Embu,370,11,0,381,6,Embu,381,381,100,6,Embu,"12,740",762,381,381,13,6,Embu,473.9,14.5,474.3,16.6,461.8,15.2
Garissa,"7,026.30","7,927.21","1,651.83","1,241.03",103.53,150,"8,781.65","9,318.24",7,Garissa,304,"77,465",255,Garissa,"841,353","44,736.00",19,7,Garissa,"51,895",926,56,"25,570",785,33,7,Garissa,"77,465","1,711",45,7,Garissa,0.98,1.01,1.01,1,7,Garissa,69,176,3,248,7,Garissa,163,153,93.87,7,Garissa,"7,762",306,153,153,16,7,Garissa,398.2,67.2,363.2,67.6,351.8,55.6
Homa Bay,"6,741.45","7,805.35",704.95,607.76,120.41,143.81,"7,566.81","8,556.93",8,Homa Bay,"1,042","313,666",301,Homa Bay,"1,131,950","3,152.50",359,8,Homa Bay,"279,599","7,226",39,"34,067","1,351",25,8,Homa Bay,"313,666","8,577",37,8,Homa Bay,1,1,1,1,43,Homa Bay,763,22,0,785,8,Homa Bay,875,875,100,8,Homa Bay,"34,758","1,752",875,875,,8,Homa Bay,495,23.3,515.3,14.9,473.2,6.1
Isiolo,"4,241.10","4,710.39",942.48,813.49,57.18,113.69,"5,240.76","5,637.57",9,Isiolo,163,"35,221",216,Isiolo,"268,002","25,350.60",11,9,Isiolo,"28,784","1,002",29,"6,437",290,22,9,Isiolo,"35,221","1,292",27,9,Isiolo,1.01,0.98,0.97,0.99,11,Isiolo,41,69,0,110,9,Isiolo,116,95,81.9,9,Isiolo,"4,048",190,95,95,4,9,Isiolo,525.9,24.1,537.4,30.6,547,24.6
Kajiado,"6,424.95","7,954.77",927.74,729.5,862.29,"1,605.36","8,214.97","10,289.63",10,Kajiado,792,"191,184",241,Kajiado,"1,117,840","21,871.10",51,10,Kajiado,"138,817","3,611",38,"52,367","2,821",19,10,Kajiado,"191,184","6,432",30,10,Kajiado,0.98,0.99,0.99,0.99,34,Kajiado,257,249,16,522,10,Kajiado,395,394,99.75,10,Kajiado,"15,956",788,394,394,,10,Kajiado,489.9,3.7,465.5,10.9,519.4,19
Kakamega,"10,412.85","12,389.41","1,499.98",844.39,"1,118.24","2,113.00","13,031.06","15,346.80",11,Kakamega,"1,120","555,021",496,Kakamega,"1,867,579","3,020.00",618,11,Kakamega,"519,857","10,664",49,"35,164","1,825",19,11,Kakamega,"555,021","12,489",44,11,Kakamega,0.97,0.98,0.99,0.98,37,Kakamega,887,9,13,909,11,Kakamega,880,879,99.89,11,Kakamega,"66,404","1,760",880,880,93,11,Kakamega,469,18.1,485.1,20.9,503,13.8
Kericho,"5,380.50","6,430.66",780.03,722.35,595.98,494.05,"6,756.51","7,647.07",12,Kericho,827,"222,619",269,Kericho,"901,777","2,436.10",370,12,Kericho,"178,579","5,494",33,"44,040","2,154",20,12,Kericho,"222,619","7,648",29,12,Kericho,0.96,0.97,0.97,0.97,35,Kericho,497,1,0,498,12,Kericho,503,502,99.8,12,Kericho,"23,783","1,004",502,502,66,12,Kericho,457.1,16.4,449.4,20.1,449.5,14.5
Kiambu,"9,431.70","11,717.53","1,418.16",742.54,"2,425.25","3,883.30","13,275.10","16,343.37",13,Kiambu,899,"347,510",387,Kiambu,"2,417,735","2,538.60",952,13,Kiambu,"227,580","6,129",37,"119,930","4,227",28,13,Kiambu,"347,510","10,356",34,13,Kiambu,0.94,0.98,0.96,0.96,22,Kiambu,461,0,1,462,13,Kiambu,481,481,100,13,Kiambu,"23,732",962,481,481,50,13,Kiambu,554.4,39.2,594.7,26,562,20
Kilifi,"10,444.50","11,641.59","1,807.24","2,307.31",833.85,925,"13,085.59","14,873.90",14,Kilifi,842,"353,254",420,Kilifi,"1,453,787","12,539.70",116,14,Kilifi,"310,881","5,869",53,"42,373","2,063",21,14,Kilifi,"353,254","7,932",45,14,Kilifi,0.93,0.94,0.96,0.94,3,Kilifi,439,101,10,550,14,Kilifi,507,507,100,14,Kilifi,"33,245","1,014",507,507,,14,Kilifi,559.7,12.8,533.4,22.6,581.5,9.5
Kirinyaga,"4,241.10","5,196.18",592.59,726.94,346.52,485,"5,180.21","6,408.11",15,Kirinyaga,355,"108,014",304,Kirinyaga,"610,411","1,478.30",413,15,Kirinyaga,"76,840","2,535",30,"31,174","1,824",17,15,Kirinyaga,"108,014","4,359",25,15,Kirinyaga,0.91,0.91,0.92,0.91,20,Kirinyaga,197,1,0,198,15,Kirinyaga,199,199,100,15,Kirinyaga,"9,329",398,199,199,15,15,Kirinyaga,493.6,15.3,508.6,11.6,496.4,4.3
Kisii,"7,785.90","8,894.27","1,244.00",728.94,403,700,"9,432.90","10,323.22",16,Kisii,"1,107","309,794",280,Kisii,"1,266,860","1,323.00",958,16,Kisii,"255,616","7,344",35,"54,178","2,345",23,16,Kisii,"309,794","9,689",32,16,Kisii,1.01,1.01,1.03,1.01,45,Kisii,694,1,3,698,16,Kisii,697,696,99.86,16,Kisii,"35,050","1,392",696,696,37,16,Kisii,478.8,18.7,455,16.4,473,22.4
Kisumu,"6,836.40","8,026.14","1,197.23",922.93,822.3,"1,984.00","8,855.93","10,933.07",17,Kisumu,821,"287,164",350,Kisumu,"1,155,574","2,085.40",554,17,Kisumu,"254,011","6,174",41,"33,153","1,554",21,17,Kisumu,"287,164","7,728",37,17,Kisumu,0.91,0.92,0.93,0.92,42,Kisumu,615,0,0,615,17,Kisumu,613,613,100,17,Kisumu,"30,716","1,226",613,613,110,17,Kisumu,464.8,24,484,27.4,459.6,28.6
Kitui,"8,830.35","10,393.97",833.88,658.52,326.45,850,"9,990.68","11,902.49",18,Kitui,"1,620","335,078",207,Kitui,"1,136,187","30,429.50",37,18,Kitui,"318,630","10,142",31,"16,448","1,126",15,18,Kitui,"335,078","11,268",30,18,Kitui,0.98,0.98,0.98,0.98,15,Kitui,885,484,45,"1,414",18,Kitui,,,99.6,18,Kitui,"42,732","2,466","1,233","1,233",,18,Kitui,482.6,17.6,448.9,15.1,467.7,12.7
Kwale,"7,785.90","8,265.59","1,164.15","1,237.99",250.09,315,"9,200.14","9,818.58",19,Kwale,532,"203,634",383,Kwale,"866,820","8,267.10",105,19,Kwale,"188,975","3,797",50,"14,659",947,15,19,Kwale,"203,634","4,744",43,19,Kwale,0.98,0.99,1,0.99,2,Kwale,349,51,21,421,19,Kwale,364,362,99.45,19,Kwale,"22,570",724,362,362,,19,Kwale,520.3,22,508.6,31.7,564.6,24.1
Laikipia,"4,177.80","5,136.27",715.83,748.11,840.4,"1,006.00","5,734.03","6,890.37",20,Laikipia,354,"97,710",276,Laikipia,"518,560","9,532.20",54,20,Laikipia,"85,592","2,719",31,"12,118",775,16,20,Laikipia,"97,710","3,494",28,20,Laikipia,0.95,0.97,0.98,0.97,31,Laikipia,245,53,2,300,20,Laikipia,292,289,98.97,20,Laikipia,"11,096",578,289,289,10,20,Laikipia,484.3,27.8,482.5,26.9,491.7,32.3
Lamu,"2,595.30","3,105.65",770.2,579.12,108.43,120,"3,473.93","3,804.77",21,Lamu,137,"32,359",236,Lamu,"143,920","6,253.30",23,21,Lamu,"28,387",942,30,"3,972",343,12,21,Lamu,"32,359","1,285",25,21,Lamu,0.99,0.97,0.99,0.98,5,Lamu,58,50,0,108,21,Lamu,93,91,97.85,21,Lamu,"3,171",182,91,91,,21,Lamu,613,15.3,598.5,18.2,611,24.4
Machakos,"7,754.25","9,162.30","1,248.05",717.13,"1,296.36","1,682.89","10,298.67","11,562.33",22,Machakos,"1,202","284,390",237,Machakos,"1,421,932","6,042.70",235,22,Machakos,"238,562","8,179",29,"45,828","2,381",19,22,Machakos,"284,390","10,560",27,22,Machakos,1.03,1.02,1.03,1.03,16,Machakos,818,28,8,854,22,Machakos,837,835,99.76,22,Machakos,"30,678","1,670",835,835,1,22,Machakos,532.8,23.2,532.8,24,521.5,13.6
Makueni,"7,406.10","8,132.78",825.71,753.51,527.53,475,"8,759.33","9,361.30",23,Makueni,"1,041","255,093",245,Makueni,"987,653","8,169.80",121,23,Makueni,"238,555","8,176",29,"16,538","1,165",14,23,Makueni,"255,093","9,341",27,23,Makueni,0.98,0.98,0.99,0.98,17,Makueni,775,115,15,905,23,Makueni,887,887,100,23,Makueni,"32,313","1,774",887,887,97,23,Makueni,523.6,18.8,512.4,25.1,510.9,15.4
Mandera,"10,222.95","11,190.38","1,158.45",760.72,143.31,200.04,"11,524.71","12,151.14",24,Mandera,333,"102,503",308,Mandera,"867,457","25,939.80",33,24,Mandera,"91,053","1,239",73,"11,450",464,25,24,Mandera,"102,503","1,703",60,24,Mandera,0.81,0.87,1.39,0.94,9,Mandera,14,206,62,282,24,Mandera,198,198,100,24,Mandera,"14,090",396,198,198,,24,Mandera,473,22.6,454,8.8,455.7,24.1
Marsabit,"6,773.10","7,277.00",970.97,906.61,110.37,170,"7,854.44","8,353.62",25,Marsabit,247,"64,787",262,Marsabit,"459,785","70,944.10",6,25,Marsabit,"50,937","1,245",41,"13,850",566,24,25,Marsabit,"64,787","1,811",36,25,Marsabit,0.8,0.82,0.81,0.81,10,Marsabit,48,125,9,182,25,Marsabit,182,154,84.62,25,Marsabit,"7,846",308,154,154,25,25,Marsabit,512.7,34.2,479.7,9.4,481.9,7.8
Meru,"8,039.10","9,493.86","1,157.90",931.64,435.93,575,"9,632.93","11,000.50",26,Meru,"1,173","317,333",271,Meru,"1,545,714","7,006.30",221,26,Meru,"251,141","8,610",29,"66,192","3,500",19,26,Meru,"317,333","12,110",26,26,Meru,1.02,1.01,1.04,1.02,12,Meru,709,7,11,727,26,Meru,714,712,99.72,26,Meru,"37,702","1,424",712,712,52,26,Meru,478.9,20.1,466.7,20.6,467.7,19.7
Migori,"6,773.10","8,005.02",727.2,544.39,288.54,280,"7,788.84","8,829.41",27,Migori,931,"314,160",337,Migori,"1,116,436","2,613.50",427,27,Migori,"273,679","6,362",43,"3,775","1,872",2,27,Migori,"277,454","8,234",34,27,Migori,0.93,0.93,0.95,0.94,44,Migori,617,2,6,625,27,Migori,601,601,100,27,Migori,"32,733","1,202",601,601,,27,Migori,447.3,25.4,465.8,26.1,449.2,27
Mombasa,"7,057.95","7,567.35","2,076.40","1,467.20","3,314.53","4,966.33","12,448.88","14,000.88",28,Mombasa,459,"155,337",338,Mombasa,"1,208,333","5,495","5,495",28,Mombasa,"75,070","1,538",49,"80,267","2,956",27,28,Mombasa,"155,337","4,494",35,28,Mombasa,1.02,1.04,1.04,1.03,1,Mombasa,93,0,2,95,28,Mombasa,96,94,97.92,28,Mombasa,"5,949",188,94,94,15,28,Mombasa,595.9,37.9,616.5,44,585.7,7.6
Murang’a,"6,298.35","7,180.16",865.83,608.23,627.16,"1,500.00","7,791.35","9,288.38",29,Murang'a,681,"206,420",303,Murang,"1,056,640","2,524.20",419,29,Murang'a,"176,514","5,679",31,"29,906","1,533",20,29,Murang'a,"206,420","7,212",29,29,Murang'a,1.06,1.07,1.06,1.06,21,Murang a,513,1,0,514,29,Murang a,514,512,99.61,29,Murang a,"20,664",964,482,482,15,29,Murang'a,528.6,26.4,515.1,22,503.6,26.5
Nairobi City,"15,919.95","19,249.68",869.61,"1,020.09","9,958.04","19,360.74","26,747.60","39,630.51",30,Nairobi,"1,105","414,045",375,Nairobi City,"4,397,073","6,247","6,247",30,Nairobi,"230,008","4,097",56,"184,037",,,30,Nairobi,"414,045",,,30,Nairobi,0.96,1.01,0.95,0.97,47,Nairobi,300,5,2,307,30,Nairobi,203,201,99.01,30,Nairobi,"16,495",402,201,201,99,30,Nairobi,632,22.4,661.3,23.5,588.3,19.1
Nakuru,"10,476.15","13,026.12","1,228.94",972.58,"1,628.82","1,712.13","13,333.91","15,710.83",31,Nakuru,"1,136","478,057",421,Nakuru,"2,162,202","7,462.40",290,31,Nakuru,"376,740","9,230",41,"101,317","4,172",24,31,Nakuru,"478,057","13,402",36,31,Nakuru,0.97,0.98,0.98,0.98,32,Nakuru,680,25,22,727,31,Nakuru,691,689,99.71,31,Nakuru,"43,136","1,378",689,689,23,31,Nakuru,515.5,17.8,532.1,24.2,528.9,16.2
Nandi,"5,348.85","6,990.87",772.17,678.1,261.04,387.11,"6,382.06","8,056.07",32,Nandi,900,"231,836",258,Nandi,"885,711","2,855.80",310,32,Nandi,"205,865","6,161",33,"25,971","1,582",16,32,Nandi,"231,836","7,743",30,32,Nandi,0.82,0.82,0.82,0.82,29,Nandi,718,0,13,731,32,Nandi,709,709,100,32,Nandi,"28,704","1,418",709,709,,32,Nandi,491.8,27.5,486.6,17.5,503.2,19.3
Narok,"8,039.10","8,844.79",785.35,799.26,618.99,"2,374.55","9,443.44","12,018.60",33,Narok,940,"297,685",317,Narok,"1,157,873","17,950.30",65,33,Narok,"263,224","5,616",47,"34,461","1,252",28,33,Narok,"297,685","6,868",43,33,Narok,0.93,0.94,0.92,0.93,33,Narok,143,518,53,714,33,Narok,616,615,99.84,33,Narok,"34,349","1,230",615,615,,33,Narok,481.9,29,472.2,38.8,480.2,40.6
Nyamira,"4,810.80","5,135.34",900.98,716.67,162.86,400,"5,874.65","6,252.01",34,Nyamira,576,"162,596",282,Nyamira,"605,576",,675,34,Nyamira,"125,642","4,018",31,"36,954","1,581",23,34,Nyamira,"162,596","5,599",29,34,Nyamira,0.95,0.97,0.96,0.96,46,Nyamira,407,0,0,407,34,Nyamira,407,407,100,34,Nyamira,"17,260",814,407,407,,34,Nyamira,520.6,36.5,497.5,28.5,515.8,40.2
Nyandarua,"4,874.10","5,670.44",856.79,912.19,408.72,590,"6,139.61","7,172.63",35,Nyandarua,488,"138,635",284,Nyandarua,"638,289","3,285.70",194,35,Nyandarua,"116,354","3,778",31,"22,281","1,095",20,35,Nyandarua,"138,635","4,873",28,35,Nyandarua,1,1.01,1.01,1.01,18,Nyandarua,349,1,0,350,35,Nyandarua,350,344,98.29,35,Nyandarua,"13,358",688,344,344,,35,Nyandarua,540.6,10.6,552.4,19.1,536.7,18.2
Nyeri,"5,412.15","6,228.73","1,167.74",833.56,886.89,"1,000.00","7,466.78","8,062.29",36,Nyeri,552,"124,881",226,Nyeri,"759,164","3,325.00",228,36,Nyeri,"101,408","3,719",27,"23,473","1,262",19,36,Nyeri,"124,881","4,981",25,36,Nyeri,0.98,0.99,0.98,0.98,19,Nyeri,391,0,0,391,36,Nyeri,392,390,99.49,36,Nyeri,"11,847",780,389,389,,36,Nyeri,515.7,47.2,546.8,55.6,516.4,40.4
Samburu,"4,620.90","5,371.35",602.39,624.24,70.38,100,"5,293.67","6,095.58",37,Samburu,188,"56,468",300,Samburu,"310,327","21,065.10",15,37,Samburu,"53,161","1,313",40,"3,307",116,29,37,Samburu,"56,468","1,429",40,37,Samburu,0.99,0.99,0.99,0.99,25,Samburu,40,115,8,163,37,Samburu,146,112,76.71,37,Samburu,"6,451",224,112,112,,37,Samburu,421.2,5.1,397.6,8,406,8.7
Siaya,"5,791.95","6,966.51",855.19,693.45,332.88,445.45,"6,980.02","8,105.40",38,Siaya,851,"269,526",317,Siaya,"993,183","2,529.80",393,38,Siaya,"253,492","6,087",42,"16,034",933,17,38,Siaya,"269,526","7,020",38,38,Siaya,1,1,1,1,41,Siaya,647,9,3,659,38,Siaya,643,642,99.84,38,Siaya,"31,739","1,284",642,642,51,38,Siaya,431.8,17.8,458.5,18.1,429,22.4
Taita/Taveta,"4,241.10","4,842.17","1,120.24","1,532.98",302.01,376,"5,663.35","6,751.15",39,Taita Taveta,285,"67,177",236,Taita/Taveta,"340,671","17,152.00",20,39,Taita Taveta,"60,205","1,990",30,"6,972",565,12,39,Taita Taveta,"67,177","2,555",26,39,Taita/Taveta,1,1,1,1,6,Taita/Taveta,200,10,0,210,39,Taita/Taveta,194,194,100,39,Taita/Taveta,"7,025",388,194,194,71,39,Taita Taveta,488.4,16.6,499.2,19.4,544.4,22.9
Tana River,"5,855.25","6,528.41",919.77,696.86,83.08,79.86,"6,858.10","7,305.13",40,Tana River,213,"59,674",280,Tana River,"315,943","37,950.50",8,40,Tana River,"53,083","1,375",39,"6,591",262,25,40,Tana River,"59,674","1,637",36,40,Tana River,0.96,0.94,0.94,0.95,4,Tana River,47,121,10,178,40,Tana River,159,159,100,40,Tana River,"8,060",318,159,159,60,40,Tana River,476.4,40.3,487.9,42.4,539.8,27.8
Tharaka -Nithi,"3,924.60","4,214.20",855.91,829.59,254.75,350,"5,035.26","5,393.79",41,T/ Nithi,538,"98,983",184,Tharaka,"393,177","2,564.40",153,41,Tharaka Nithi,"88,591","3,852",23,"10,392",776,13,41,Tharaka Nithi,"98,983","4,628",21,41,Tharaka-Nithi,1,0.99,0.98,0.99,13,Tharaka-Nithi,353,71,2,426,41,Tharaka-Nithi,413,411,99.52,41,Tharaka-Nithi,"12,001",822,411,411,,41,Tharaka Nithi,558.4,8.4,579.6,9.8,566.5,15
Trans Nzoia,"5,760.30","7,186.16",733.14,724.98,340.45,529.5,"6,833.89","8,440.64",42,Trans Nzoia,621,"274,605",442,Trans Nzoia,"990,341","2,495.20",397,42,Trans Nzoia,"223,571","4,832",46,"51,034","2,461",21,42,Trans Nzoia,"274,605","7,293",38,42,Trans Nzoia,1,1,1,1,26,Trans Nzoia,365,2,10,377,42,Trans Nzoia,352,352,100,42,Trans Nzoia,"27,502",704,352,352,21,42,Trans Nzoia,486.6,33.3,480.3,32.9,498.7,22.9
Turkana,"10,539.45","12,609.31","1,295.35",939.55,209.83,180,"12,044.63","13,728.85",43,Turkana,469,"162,543",347,Turkana,"926,976","68,232.90",14,43,Turkana,"151,085","1,882",80,"11,458",461,25,43,Turkana,"162,543","2,343",69,43,Turkana,1.01,1.02,1.03,1.02,23,Turkana,41,379,28,448,43,Turkana,358,354,98.88,43,Turkana,"29,664",708,354,354,52,43,Turkana,467.4,20.2,430.3,12.3,425.8,42
Uasin Gishu,"6,330.00","8,068.86",877.39,762.15,"1,105.68","1,000.00","8,313.07","9,831.01",44,Uasin Gishu,845,"231,196",274,Uasin Gishu,"1,163,186","3,392.20",343,44,Uasin Gishu,"173,914","5,227",33,"57,282","2,986",19,44,Uasin Gishu,"231,196","8,213",28,44,Uasin Gishu,0.97,0.99,0.98,0.98,27,Uasin Gishu,460,0,14,474,44,Uasin Gishu,456,456,100,44,Uasin Gishu,"20,319",912,456,456,,44,Uasin Gishu,527.1,28.1,524.6,33.3,537.6,23.8
Vihiga,"4,652.55","5,067.36",737.84,570.61,169.11,232.7,"5,559.50","5,870.67",45,Vihiga,452,"169,354",375,Vihiga,"590,013","1,047","1,047",45,Vihiga,"158,689","4,180",38,"10,665",613,17,45,Vihiga,"169,354","4,793",35,45,Vihiga,1,1,1,1,38,Vihiga,380,0,4,384,45,Vihiga,378,378,100,45,Vihiga,"22,097",756,378,378,,45,Vihiga,531.4,31.6,558.6,31.9,552.2,36
Wajir,"8,545.50","9,474.73","1,288.48","1,313.36",73.96,100,"9,907.93","10,888.09",46,Wajir,306,"76,959",252,Wajir,"781,263","56,773.10",14,46,Wajir,"65,090","1,383",47,"11,869",381,31,46,Wajir,"76,959","1,764",44,46,Wajir,0.95,1.42,1.21,1.18,8,Wajir,60,177,21,258,46,Wajir,211,211,100,46,Wajir,"11,160",422,211,211,,46,Wajir,474.1,15.3,466.6,29.2,430.4,11.8
West Pokot,"5,000.70","6,297.28",813.58,713.25,68.87,170,"5,883.15","7,180.54",47,West Pokot,690,"195,379",283,West Pokot,"621,241","9,123.20",68,47,West Pokot,"180,476","3,398",53,"14,903",589,25,47,West Pokot,"195,379","3,987",49,47,West Pokot,1.05,1.04,1.07,1.05,24,West Pokot,231,338,85,654,47,West Pokot,498,498,100,47,West Pokot,"27,870",996,498,498,7,47,West Pokot,510.7,53.2,500.4,74.4,502.6,44.9
Total3,"316,500.00","370,000.00","47,002.61","39,880.89","34,444.28","56,749.96","397,946.90","466,630.85",,Grand Total,"32,344","10,072,040",311,Kenya (Total),"47,564,296","580,876.30",82,,Grand Total,"8,454,606","219,732",38,"1,617,434","66,948",24,,Grand Total,"10,072,040","286,680",35,,Grand Total,0.96,0.97,0.99,0.97,,Total,"19,018","3,755",610,"23,383",,Total,,,99.3,,Grand Total,"1,079,398","43,284","21,640","21,640","1,073",,National,500,24.6,498.1,25.9,499.7,22.9